file,group,size,block,feature,candidate,L_mean,C_mean,area
1,1,2,,,5,57.18362741533136,0.0,0.70361328125
2,1,2,,,34,50.038616236263266,0.0,0.70361328125
3,2,2,,,180,59.13385697223536,0.0,0.70361328125
4,2,2,,,346,55.69798100260295,0.0,0.70361328125
5,3,2,,,214,50.07225063506227,0.0,0.70361328125
6,3,2,,,263,50.08852133034459,0.0,0.70361328125
7,4,2,,,13,52.12726021040058,0.0,0.70361328125
8,4,2,,,382,52.009513221422495,0.0,0.70361328125
9,5,2,,,367,47.17286731017258,0.0,0.70361328125
10,5,2,,,497,49.621753384692816,0.0,0.70361328125
11,6,2,,,168,51.02799232664636,0.0,0.70361328125
12,6,2,,,238,53.576081547143126,0.0,0.70361328125
13,7,2,,,145,53.60187196644658,0.0,0.70361328125
14,7,2,,,241,50.88174319976545,0.0,0.70361328125
15,8,2,,,224,50.66471394955921,0.0,0.70361328125
16,8,2,,,322,47.518592915694406,0.0,0.70361328125
17,9,2,,,242,56.1862952690075,0.0,0.70361328125
18,9,2,,,428,53.28260139853143,0.0,0.70361328125
19,10,2,,,163,55.239776671095626,0.0,0.70361328125
20,10,2,,,369,49.93866211148093,0.0,0.70361328125
21,11,2,,,114,53.134236591376265,0.0,0.70361328125
22,11,2,,,479,55.36595700269458,0.0,0.70361328125
23,12,2,,,240,57.888828373207765,0.0,0.70361328125
24,12,2,,,431,54.00646265471172,0.0,0.70361328125
25,13,2,,,419,50.857705778575045,0.0,0.70361328125
26,13,2,,,471,53.44775649384735,0.0,0.70361328125
27,14,2,,,112,48.84063652736221,0.0,0.70361328125
28,14,2,,,124,46.86183055372572,0.0,0.70361328125
29,15,2,,,191,52.591158310313595,0.0,0.70361328125
30,15,2,,,232,52.7740596100608,0.0,0.70361328125
31,16,2,,,460,51.29890015992736,0.0,0.70361328125
32,16,2,,,476,52.90573248596406,0.0,0.70361328125
33,17,2,,,107,51.34547349035486,0.0,0.70361328125
34,17,2,,,370,56.88092118512018,0.0,0.70361328125
35,18,2,,,53,55.65376921973077,0.0,0.70361328125
36,18,2,,,117,51.136729082761654,0.0,0.70361328125
37,19,2,,,292,54.49943370910569,0.0,0.70361328125
38,19,2,,,350,52.27131832536355,0.0,0.70361328125
39,20,2,,,285,55.77924146479935,0.0,0.70361328125
40,20,2,,,409,53.56898600640721,0.0,0.70361328125
41,21,2,,,41,53.97092558023538,0.0,0.70361328125
42,21,2,,,453,50.77700592683443,0.0,0.70361328125
43,22,2,,,387,53.00445413306544,0.0,0.70361328125
44,22,2,,,462,46.81154235733234,0.0,0.70361328125
45,23,2,,,66,51.83478243330355,0.0,0.70361328125
46,23,2,,,410,53.75600019283008,0.0,0.70361328125
47,24,2,,,20,54.51526333873673,0.0,0.70361328125
48,24,2,,,394,59.08275167972235,0.0,0.70361328125
49,25,2,,,277,49.12774089565701,0.0,0.70361328125
50,25,2,,,407,50.025622948927776,0.0,0.70361328125
51,26,2,,,229,52.88033956424393,0.0,0.70361328125
52,26,2,,,433,54.79074843440046,0.0,0.70361328125
53,27,2,,,179,49.38413104961377,0.0,0.70361328125
54,27,2,,,300,54.21287186385039,0.0,0.70361328125
55,28,2,,,188,47.812417181347705,0.0,0.70361328125
56,28,2,,,427,52.02383788792849,0.0,0.70361328125
57,29,2,,,149,53.65105182590416,0.0,0.70361328125
58,29,2,,,424,58.32592177706251,0.0,0.70361328125
59,30,2,,,152,53.2693299647133,0.0,0.70361328125
60,30,2,,,295,59.54394144244933,0.0,0.70361328125
